attendance_pct,assignment_score,quiz_score,midterm_score,study_hours,final_score,pass_fail
87.57,82.89,34.34,75.39,25.44,62.19,1
69.14,92.62,62.08,97.04,13.95,72.28,1
92.22,94.87,39.03,52.82,28.64,66.32,1
83.36,67.74,40.66,56.88,19.87,61.41,1
50.18,68.82,74.26,85.91,4.36,60.14,1
98.66,86.99,57.5,62.93,26.67,65.41,1
86.86,55.44,94.53,80.24,15.19,75.36,1
88.23,89.43,52.34,59.48,5.11,56.15,1
52.05,67.12,80.83,41.16,5.43,49.07,0
69.77,42.53,62.28,80.89,20.94,61.48,1
65.39,39.68,76.2,34.84,2.37,50.2,1
95.97,89.73,71.98,39.89,9.31,58.15,1
80.41,38.61,63.09,72.01,5.05,44.62,0
90.25,53.24,96.5,81.05,13.79,60.85,1
69.39,56.72,53.99,92.1,13.02,56.92,1
57.5,46.24,42.41,45.44,16.13,37.36,0
75.5,55.4,77.47,33.3,9.11,49.97,0
48.51,83.28,89.22,96.7,1.93,64.29,1
90.52,35.95,32.82,36.58,18.82,39.34,0
79.74,88.77,61.47,39.83,11.84,53.22,1
86.69,90.68,92.47,46.85,19.89,66.3,1
64.5,59.2,82.47,64.7,4.15,66.73,1
98.39,44.98,99.43,91.21,1.4,75.44,1
94.12,74.05,67.2,82.04,8.2,69.78,1
87.81,42.78,76.2,78.11,14.24,62.33,1
55.71,58.72,51.17,38.14,12.43,43.28,0
70.67,97.3,96.33,51.83,24.5,72.09,1
47.41,99.71,55.64,60.88,11.96,63.9,1
53.49,85.19,81.7,36.06,16.38,52.02,1
82.57,55.21,58.22,45.51,18.21,54.19,1
85.96,79.7,69.33,48.12,1.63,45.49,0
98.21,80.85,80.38,34.55,15.94,63.86,1
62.92,60.21,65.63,66.27,11.0,62.69,1
65.38,76.66,93.5,77.88,13.22,69.88,1
70.83,35.7,59.35,30.24,3.91,50.9,1
55.42,48.59,75.3,61.08,23.7,51.38,1
52.15,69.13,53.97,83.67,28.33,64.1,1
71.16,45.64,58.57,81.1,1.65,56.18,1
57.48,45.78,60.8,86.13,18.44,60.43,1
81.84,89.36,38.81,58.62,23.15,60.06,1
69.04,99.29,36.42,86.54,9.26,67.16,1
90.8,71.14,76.72,43.06,23.84,66.45,1
83.51,89.54,75.89,52.06,19.34,74.75,1
62.18,99.37,76.4,38.23,27.95,61.19,1
90.77,44.2,31.38,60.06,29.45,56.89,1
89.26,64.14,52.86,54.4,2.23,49.63,0
66.31,60.52,43.85,43.07,13.9,52.92,1
60.86,40.2,84.47,81.38,16.86,59.16,1
82.54,84.1,90.24,48.54,5.26,70.09,1
52.69,63.2,47.27,45.46,10.75,60.45,1
55.99,65.51,76.75,34.82,29.64,51.81,1
45.4,44.79,39.06,57.91,1.47,28.28,0
88.28,46.76,49.26,47.72,14.12,48.14,0
81.57,93.96,39.71,52.7,25.44,67.42,1
83.78,37.9,49.85,42.7,10.39,49.68,0
87.94,50.14,77.23,82.24,14.91,69.75,1
70.24,53.98,93.72,94.75,29.36,79.8,1
76.28,66.86,44.18,62.34,14.77,60.13,1
52.69,73.12,67.95,73.22,4.8,66.97,1
51.3,67.06,79.1,90.04,2.5,70.28,1
81.76,40.47,96.7,99.91,28.42,84.05,1
70.91,50.84,72.7,71.01,8.71,61.68,1
76.09,89.83,47.86,91.73,15.62,77.06,1
87.07,76.44,73.78,93.15,3.63,70.41,1
79.91,77.19,52.43,84.36,13.29,64.0,1
75.45,78.56,98.33,59.57,27.97,80.06,1
75.76,84.59,57.98,31.09,15.57,55.64,1
61.72,38.78,77.98,26.19,29.16,50.54,1
46.69,58.83,31.63,60.79,8.51,46.88,0
69.02,70.07,58.0,62.07,15.63,56.23,1
56.8,57.0,91.26,55.55,25.93,60.15,1
67.47,89.89,72.72,67.61,14.0,76.16,1
91.94,66.37,61.08,66.41,9.11,65.54,1
57.87,84.96,95.52,87.75,25.81,66.08,1
48.21,90.38,89.78,33.15,12.31,55.98,1
60.48,67.81,52.56,41.89,16.39,61.65,1
61.15,94.12,68.12,84.48,29.32,70.93,1
81.41,73.16,64.29,88.59,6.41,57.59,1
75.64,90.27,74.25,99.61,9.74,88.71,1
88.11,57.14,53.39,90.47,1.9,67.18,1
81.54,67.42,47.09,91.74,12.36,66.32,1
67.35,69.54,93.89,48.58,6.81,57.38,1
89.77,41.82,94.67,55.12,20.72,69.05,1
54.18,60.91,89.03,45.11,6.26,50.46,1
46.25,94.63,98.47,70.47,20.57,78.84,1
49.95,76.0,82.15,95.41,8.64,73.85,1
84.73,46.54,83.53,50.85,11.3,59.17,1
70.4,57.03,83.38,66.78,11.12,63.22,1
53.87,47.45,63.64,47.22,21.79,48.67,0
72.56,36.61,61.95,37.73,14.53,52.99,1
53.38,95.28,46.82,39.64,11.48,46.91,0
83.3,64.13,75.14,29.35,25.73,44.67,0
69.54,54.99,50.25,96.2,17.59,69.27,1
65.96,73.9,48.05,55.22,7.2,57.01,1
61.58,35.48,71.02,87.56,27.1,64.94,1
79.67,53.07,58.7,76.1,10.94,63.19,1
64.9,80.7,45.32,39.39,2.13,45.54,0
49.82,76.2,87.12,38.16,15.34,61.37,1
51.49,98.82,90.24,85.9,4.59,72.55,1
97.9,75.32,41.74,44.85,7.92,51.24,1
94.97,66.04,30.53,93.5,22.67,64.99,1
83.48,84.49,53.53,35.5,4.79,64.48,1
59.62,93.72,85.83,75.83,24.4,62.44,1
98.3,81.85,88.74,86.09,28.17,82.94,1
87.83,97.61,39.68,42.64,18.59,48.6,0
84.43,85.83,84.2,45.72,21.6,64.99,1
69.71,91.34,38.1,97.34,21.69,68.2,1
59.97,42.42,57.3,44.84,29.79,35.13,0
50.3,82.61,99.9,57.25,10.9,67.15,1
94.64,63.61,43.48,57.44,5.72,52.45,1
70.07,70.95,40.78,43.98,16.06,38.7,0
56.13,77.52,59.6,83.18,16.46,71.08,1
61.83,98.04,73.38,82.89,6.16,79.07,1
76.86,99.0,95.3,53.37,18.78,80.59,1
54.72,53.73,98.66,87.63,1.41,67.6,1
92.11,82.69,34.87,40.98,27.9,55.15,1
86.72,83.75,39.66,25.32,8.67,56.12,1
84.57,57.52,85.35,67.84,2.15,72.41,1
68.77,43.05,48.94,99.56,4.14,66.75,1
79.5,37.66,91.94,27.9,7.97,43.19,0
77.13,85.53,76.44,40.6,8.94,60.3,1
80.74,66.83,37.83,63.92,1.95,55.5,1
49.64,99.06,88.28,85.75,9.1,62.78,1
67.87,65.22,42.34,31.68,6.6,46.19,0
47.29,98.56,59.64,54.64,11.98,72.72,1
72.17,61.75,68.65,81.03,12.17,69.07,1
63.14,86.59,65.05,52.87,10.83,68.07,1
52.95,40.51,78.03,39.16,10.51,47.97,0
50.69,71.11,75.69,39.66,3.6,49.61,0
77.32,87.13,99.44,55.75,1.73,68.5,1
54.38,95.11,99.96,60.96,6.86,62.83,1
95.88,88.47,66.15,89.64,22.94,71.66,1
76.96,37.4,36.66,73.17,29.73,61.16,1
64.08,59.23,80.95,76.78,27.93,74.16,1
77.5,38.17,98.37,98.72,15.62,67.76,1
46.25,42.1,52.28,55.89,16.42,53.64,1
97.72,78.89,62.28,55.25,10.12,62.29,1
71.53,81.36,59.73,94.25,23.44,74.51,1
88.05,85.29,33.6,43.44,23.18,58.03,1
49.55,91.25,77.06,79.74,25.48,76.23,1
71.77,83.06,54.73,81.59,26.97,68.55,1
71.99,87.06,85.12,32.33,13.6,67.88,1
96.58,38.18,88.25,60.12,23.24,64.91,1
76.45,50.24,87.49,40.04,24.39,60.02,1
71.04,75.42,59.17,38.9,9.95,47.53,0
59.68,90.78,52.51,59.79,27.95,73.75,1
63.24,35.29,82.42,46.71,3.74,51.09,1
73.64,68.45,86.1,84.7,29.83,76.89,1
69.14,79.02,64.39,93.07,23.33,62.58,1
46.19,36.92,92.51,85.2,3.7,54.66,1
90.45,61.09,40.07,44.95,20.03,59.96,1
94.29,93.22,91.53,45.56,1.99,67.14,1
52.71,78.65,36.73,44.1,23.34,37.98,0
75.47,50.45,40.75,35.13,24.18,51.58,1
50.97,90.43,67.37,95.78,18.47,69.93,1
81.97,57.62,34.73,55.15,25.85,61.03,1
60.47,90.47,33.7,41.85,3.84,47.2,0
81.27,54.43,30.04,88.5,9.0,59.83,1
84.98,73.37,60.54,54.94,13.01,67.38,1
87.28,60.8,84.22,27.63,2.23,45.74,0
50.93,52.86,32.44,37.15,14.0,34.51,0
95.38,92.63,75.66,72.94,8.69,71.54,1
57.66,47.19,87.62,83.72,12.39,69.78,1
47.06,40.51,41.76,40.82,13.33,32.17,0
75.52,57.23,40.28,93.8,26.5,54.21,1
65.4,81.65,90.26,88.82,8.84,78.7,1
90.64,87.48,87.62,88.63,26.92,76.84,1
89.45,99.92,67.73,42.07,13.35,61.62,1
62.44,54.26,87.34,28.79,10.51,38.65,0
97.41,61.52,36.49,90.06,15.57,62.3,1
61.0,43.89,57.61,47.94,13.11,48.11,0
73.33,72.37,81.65,71.42,8.46,71.6,1
59.08,99.84,48.02,82.0,15.58,63.55,1
96.48,80.56,82.66,34.62,5.4,69.23,1
54.05,73.69,65.29,83.56,11.21,60.56,1
47.47,60.5,82.52,95.39,17.41,65.49,1
68.93,94.49,62.53,79.63,12.99,79.14,1
99.58,67.3,55.75,58.09,24.89,63.49,1
94.04,43.73,45.34,90.75,8.44,58.62,1
86.17,58.75,44.59,64.56,29.12,57.28,1
93.99,39.37,82.6,80.86,23.76,76.12,1
94.14,48.13,38.32,86.54,29.06,71.42,1
73.54,36.15,36.02,81.2,25.31,50.17,1
62.38,64.46,42.34,46.59,5.12,46.13,0
87.46,76.25,42.27,33.84,16.27,52.77,1
81.39,57.31,87.62,42.88,5.93,50.1,1
65.55,62.32,57.9,62.72,24.73,57.61,1
50.2,97.35,99.33,62.9,17.94,71.02,1
86.07,83.88,39.6,68.7,8.64,67.91,1
59.44,70.16,75.75,54.63,27.96,66.98,1
96.52,53.5,61.41,84.02,4.34,62.12,1
58.25,93.3,57.5,93.49,17.35,70.91,1
51.75,50.28,91.26,43.5,21.91,58.36,1
90.71,56.15,98.29,80.24,2.71,65.95,1
53.43,94.09,91.1,75.85,18.34,76.59,1
54.86,69.42,43.46,64.23,24.66,54.8,1
77.97,83.25,45.46,39.14,2.96,44.34,0
93.1,73.4,75.93,84.64,15.86,68.71,1
55.8,77.47,50.24,97.05,8.5,74.51,1
62.07,54.46,81.43,79.14,20.22,64.54,1
87.76,50.69,69.65,93.84,4.44,76.69,1
98.45,55.96,68.56,98.81,28.17,71.49,1
72.54,45.1,88.0,51.4,26.95,59.92,1
52.91,91.83,79.74,72.87,6.39,80.58,1
45.77,53.41,31.86,60.54,10.37,39.16,0
57.63,71.5,33.46,99.0,18.04,53.2,1
52.25,86.48,72.11,32.04,21.82,62.14,1
82.27,85.95,64.03,55.93,13.84,58.72,1
51.7,63.5,48.21,90.67,5.53,59.0,1
72.85,65.96,59.31,46.3,4.02,47.68,0
83.18,99.66,83.05,84.08,29.99,81.1,1
76.96,78.85,87.86,53.71,14.21,59.98,1
55.99,87.95,69.29,98.5,26.3,73.57,1
89.23,93.67,56.98,91.26,14.99,78.54,1
84.35,86.19,48.95,47.6,27.75,53.16,1
85.64,47.04,66.53,82.76,3.55,57.36,1
52.21,71.54,52.03,50.26,4.31,46.96,0
51.81,41.62,69.49,70.48,27.96,47.81,0
96.02,77.44,77.37,74.39,28.48,70.39,1
66.87,97.1,34.63,87.22,10.13,66.6,1
61.55,68.33,30.07,26.83,11.3,38.3,0
71.87,63.14,44.86,41.51,14.12,47.87,0
81.46,37.33,92.62,78.39,13.07,65.92,1
97.56,97.39,75.24,67.26,6.51,67.55,1
60.75,41.7,42.04,62.17,27.05,53.91,1
95.86,37.67,92.32,29.14,8.35,60.49,1
46.37,50.99,62.9,51.12,21.45,47.53,0
75.54,39.26,63.33,89.88,2.95,62.7,1
79.87,64.58,95.49,27.32,2.12,51.45,1
50.82,68.55,34.16,54.73,19.96,52.03,1
52.72,55.32,45.06,95.89,10.83,69.72,1
68.05,38.31,71.0,28.82,20.01,49.02,0
98.14,42.25,43.68,81.23,3.73,46.87,0
77.78,59.99,77.57,44.32,28.55,60.45,1
96.32,38.93,44.99,90.0,22.71,70.88,1
89.24,80.38,36.94,80.96,26.41,65.06,1
70.71,48.46,44.49,91.43,4.96,64.23,1
88.16,54.63,59.59,41.19,10.28,47.68,0
45.98,60.62,42.33,64.85,11.68,41.88,0
51.0,62.08,39.43,83.45,16.58,59.08,1
90.62,35.11,90.22,43.43,9.61,44.32,0
88.82,42.28,52.43,42.31,2.76,44.43,0
57.8,91.08,55.25,27.04,11.7,57.63,1
74.19,35.08,33.87,96.89,8.38,45.29,0
78.33,68.03,55.02,78.25,12.19,56.18,1
92.73,66.82,48.54,72.67,6.71,54.8,1
78.17,56.65,72.73,80.8,8.59,64.3,1
67.69,63.04,44.38,64.87,19.18,54.15,1
65.58,85.74,92.19,60.71,12.26,76.07,1
68.42,89.68,95.08,58.71,11.02,74.19,1
80.86,51.92,36.99,73.03,16.48,60.04,1
92.71,55.96,37.52,40.12,23.38,50.76,1
69.96,50.76,38.07,91.6,11.99,62.06,1
58.63,66.19,73.37,85.88,18.04,62.55,1
58.02,79.41,38.54,51.22,29.02,58.05,1
86.03,49.84,89.67,68.4,16.14,59.9,1
89.91,56.5,82.8,35.58,27.38,62.28,1
50.79,95.48,87.39,97.93,24.02,85.94,1
48.66,38.16,66.82,92.72,2.7,58.27,1
77.69,64.95,99.77,94.14,13.44,76.22,1
53.04,81.25,33.09,49.91,21.25,53.45,1
90.36,44.78,58.09,37.69,29.61,33.51,0
62.07,38.08,52.68,40.88,14.29,46.26,0
52.91,43.98,96.41,31.75,3.69,46.08,0
95.65,94.72,70.38,34.01,17.3,62.52,1
54.1,35.6,86.43,30.35,4.67,47.41,0
60.66,47.24,41.92,99.24,22.79,61.5,1
53.45,37.03,98.5,30.55,15.72,42.64,0
51.35,42.19,64.9,34.94,21.98,44.01,0
46.16,75.31,64.56,87.04,26.21,66.67,1
48.05,50.71,97.96,68.52,19.24,63.44,1
54.61,72.0,56.65,83.08,18.76,65.07,1
47.94,73.36,57.83,72.32,22.88,66.61,1
77.51,90.21,70.93,91.16,25.43,69.94,1
82.44,35.31,38.96,72.89,26.2,55.39,1
66.65,90.47,52.48,64.16,2.06,66.25,1
62.49,75.24,43.52,78.46,17.13,51.51,1
72.75,45.58,37.23,58.55,7.27,48.52,0
93.13,85.24,90.63,50.95,25.95,66.17,1
91.81,90.61,71.25,60.07,19.8,67.19,1
47.39,51.53,55.11,37.73,13.19,38.68,0
54.98,94.72,58.61,84.74,6.46,65.45,1
58.02,64.54,60.21,44.55,10.83,61.64,1
58.72,74.22,74.32,36.51,21.41,47.13,0
76.42,99.0,94.87,43.48,6.93,58.55,1
67.89,58.5,95.29,88.16,3.71,60.8,1
47.71,87.86,57.4,49.77,26.75,66.75,1
65.55,55.7,53.05,76.45,23.16,56.99,1
73.81,86.95,61.57,89.23,6.79,69.63,1
50.59,74.05,69.76,30.83,9.48,46.31,0
90.84,49.06,62.33,82.38,29.19,60.2,1
47.86,61.91,76.11,48.07,21.54,53.05,1
95.87,55.65,68.81,41.25,18.71,71.64,1
50.45,40.08,52.45,76.67,9.92,60.7,1
91.4,36.94,54.2,93.23,9.67,57.98,1
94.65,57.52,56.5,47.13,2.15,55.73,1
98.88,36.24,36.62,67.66,22.13,49.96,0
89.11,45.76,41.62,46.74,2.25,34.95,0
87.87,82.14,80.62,66.57,1.14,72.2,1
80.34,81.03,57.24,71.64,22.16,73.41,1
87.84,83.01,45.02,70.78,28.52,71.54,1
52.4,55.61,69.39,71.77,22.94,56.82,1
74.48,92.85,82.89,35.13,14.68,60.7,1
73.28,73.6,48.02,77.02,15.1,67.9,1
92.17,43.19,87.88,75.61,13.65,69.57,1
70.45,44.34,94.93,76.19,10.41,62.35,1
66.18,80.05,71.82,30.56,16.13,45.0,0
80.18,46.24,76.83,58.51,13.5,59.33,1
59.66,67.97,33.68,55.68,18.35,57.71,1
52.69,99.47,96.19,31.5,27.05,54.55,1
71.28,35.26,57.47,41.68,29.86,50.83,1
67.93,36.08,94.67,58.07,3.28,56.83,1
57.79,99.55,70.53,80.72,12.16,75.41,1
65.21,73.0,30.32,42.78,6.24,50.57,1
65.15,43.25,32.7,87.23,11.21,50.66,1
63.01,93.32,77.63,65.93,9.34,56.8,1
65.87,92.22,69.39,82.03,6.06,65.61,1
82.72,69.85,31.86,60.44,23.16,61.47,1
61.33,75.42,82.04,62.44,15.39,61.25,1
97.19,52.76,89.65,71.48,27.66,65.59,1
95.4,38.28,64.75,94.6,1.95,53.01,1
71.45,73.65,62.6,61.89,2.94,68.02,1
63.06,54.16,30.38,64.65,12.69,54.91,1
74.45,78.14,85.07,70.15,3.33,70.57,1
91.67,89.36,53.15,80.31,8.62,75.0,1
80.89,36.18,91.51,30.39,29.59,55.5,1
89.24,73.72,56.11,63.68,7.06,59.32,1
74.3,50.03,69.56,61.12,6.75,54.64,1
79.81,91.8,48.92,94.13,17.64,71.04,1
60.85,51.49,41.24,62.01,15.44,67.18,1
85.42,74.7,84.24,60.12,17.83,71.22,1
56.13,70.98,64.76,97.16,11.93,65.87,1
83.21,60.75,67.55,58.79,24.98,63.82,1
92.34,79.05,97.58,38.57,5.02,56.34,1
52.27,82.18,97.45,41.27,13.42,69.6,1
78.79,71.85,89.89,32.14,21.0,55.09,1
50.23,84.3,43.13,25.04,26.18,48.79,0
84.91,98.92,71.6,57.4,11.72,74.32,1
49.65,62.25,91.47,82.69,17.46,70.56,1
96.48,68.45,56.21,80.01,3.01,64.97,1
52.56,35.81,37.08,27.41,5.94,32.71,0
97.74,86.74,86.77,67.75,3.01,70.34,1
89.05,68.81,63.72,36.57,22.11,52.63,1
77.65,61.52,69.51,95.58,9.35,66.92,1
88.04,41.11,98.75,37.55,21.99,66.57,1
88.73,92.83,72.5,72.0,2.93,68.29,1
97.03,60.68,59.75,49.47,26.01,54.02,1
58.94,79.37,55.9,73.12,25.23,59.98,1
77.45,44.71,59.23,55.92,3.58,56.97,1
50.23,97.5,38.29,81.97,1.69,63.89,1
78.89,46.6,85.63,42.3,2.63,55.2,1
54.42,47.97,88.64,92.93,25.76,67.07,1
76.07,90.83,49.91,62.52,7.81,64.33,1
76.48,94.32,51.27,81.71,16.9,66.49,1
70.63,48.79,91.2,88.73,13.36,68.06,1
73.74,65.54,31.68,99.91,24.07,71.55,1
87.02,82.68,66.43,41.8,15.18,65.67,1
88.96,92.09,62.46,46.52,15.52,57.44,1
72.07,59.64,78.31,43.78,29.68,51.65,1
77.98,68.61,41.44,44.72,5.35,49.54,0
96.22,83.21,76.78,68.68,25.09,82.64,1
51.59,82.52,56.37,99.51,2.5,54.7,1
51.44,85.89,73.31,99.27,14.85,75.91,1
49.82,72.05,32.81,64.51,26.7,44.79,0
81.18,41.8,62.32,72.93,20.29,56.32,1
68.02,93.76,66.56,89.5,20.87,72.18,1
87.59,91.26,45.0,94.97,8.64,69.21,1
81.92,86.88,39.77,40.29,13.14,50.84,1
63.35,41.49,43.19,64.64,11.63,49.71,0
94.41,48.29,54.09,87.46,16.12,62.91,1
86.94,83.33,36.78,47.74,14.4,47.36,0
59.88,36.5,96.31,57.99,10.48,61.08,1
65.03,98.65,58.35,98.92,9.86,78.6,1
62.29,59.51,86.63,98.88,8.27,76.03,1
53.67,81.76,98.21,92.96,11.59,66.51,1
53.13,92.69,35.65,84.88,5.35,62.66,1
96.49,60.65,75.62,45.18,26.29,64.59,1
69.08,55.74,91.0,49.06,18.46,53.49,1
66.08,74.57,74.4,66.05,4.88,61.18,1
85.13,72.76,60.03,67.06,21.12,64.0,1
75.41,61.59,60.18,62.91,25.58,70.84,1
96.49,74.12,32.51,72.75,7.89,71.77,1
87.92,95.8,67.42,55.62,5.37,54.3,1
71.37,65.4,99.55,81.19,1.25,83.43,1
65.7,47.79,97.11,50.02,2.37,49.13,0
99.26,59.52,32.83,49.8,23.11,59.43,1
84.48,60.62,79.41,34.54,29.63,62.11,1
97.32,43.52,51.12,39.15,2.3,40.06,0
51.52,45.59,93.21,88.79,22.69,70.33,1
91.78,79.5,33.16,58.47,3.08,54.21,1
80.04,57.07,95.51,42.09,18.17,63.72,1
51.71,97.07,88.62,81.95,22.93,76.11,1
77.35,50.83,38.23,66.55,11.42,60.33,1
82.74,41.43,34.19,26.59,1.32,36.4,0
45.68,83.98,88.43,48.73,18.26,60.19,1
69.99,92.27,40.9,38.28,29.75,60.44,1
90.4,53.08,67.44,74.19,8.47,66.2,1
61.24,48.14,94.1,45.63,6.5,57.86,1
70.22,47.07,69.72,29.87,4.59,40.38,0
69.33,68.93,57.81,29.12,17.1,43.46,0
61.61,65.45,61.15,68.63,18.3,56.99,1
95.51,51.86,34.42,26.63,23.98,41.1,0
87.97,37.94,97.81,88.66,22.84,76.91,1
51.08,66.3,51.75,36.65,26.88,53.37,1
99.84,97.36,43.26,70.49,24.37,68.56,1
93.36,77.41,50.02,58.35,8.17,68.28,1
60.61,67.21,97.51,58.21,17.12,72.96,1
91.03,42.19,36.6,30.38,9.62,43.17,0
50.85,51.41,90.71,85.21,10.56,60.17,1
99.95,54.16,79.55,91.98,28.03,84.03,1
81.61,84.71,88.1,25.83,20.77,59.44,1
80.76,91.99,98.31,38.4,29.26,67.7,1
49.97,93.61,88.95,92.79,13.09,74.13,1
94.34,99.0,96.04,66.21,16.59,72.93,1
46.59,98.85,38.89,36.25,15.13,41.59,0
58.25,96.94,85.71,40.21,4.11,62.48,1
52.87,39.67,68.2,74.5,7.86,49.75,0
87.72,43.96,68.04,79.36,16.3,82.97,1
55.9,54.79,92.92,69.96,2.95,53.37,1
95.09,70.94,98.03,96.49,28.01,74.71,1
81.09,41.3,79.34,62.05,4.59,59.49,1
46.99,89.98,63.81,47.52,6.74,63.46,1
45.3,75.09,61.95,60.79,23.19,58.08,1
47.84,70.25,57.04,51.97,3.81,52.92,1
78.33,45.75,55.31,41.83,27.11,38.7,0
89.08,51.46,57.41,28.45,22.05,44.85,0
58.12,45.42,36.28,51.42,2.99,35.03,0
91.72,90.38,35.42,78.36,21.06,56.3,1
48.15,72.97,84.59,26.38,19.32,52.6,1
89.05,82.78,61.23,57.94,22.96,51.33,1
96.03,54.24,95.15,73.3,25.02,63.59,1
87.47,59.13,72.86,70.78,21.83,62.78,1
83.4,61.32,32.46,83.25,18.0,56.5,1
91.09,84.4,41.03,85.79,10.35,70.28,1
47.21,85.2,44.41,78.38,21.22,63.6,1
56.1,48.44,98.3,32.71,28.75,58.19,1
51.87,96.2,45.31,60.63,18.04,64.03,1
72.75,42.84,66.1,70.26,20.27,65.87,1
85.99,93.25,95.53,43.42,13.68,68.18,1
79.65,41.53,98.4,28.19,22.93,55.46,1
91.81,52.2,46.55,41.77,29.93,54.37,1
53.54,90.02,33.44,59.12,5.65,53.17,1
85.4,46.67,40.75,56.04,6.87,46.99,0
55.62,61.88,34.43,38.25,16.64,42.34,0
59.89,64.24,43.66,86.83,14.96,56.64,1
84.04,50.94,69.8,94.43,17.58,72.86,1
98.91,81.17,93.87,40.1,2.42,62.11,1
78.63,90.34,67.61,94.72,12.72,72.02,1
48.0,91.85,73.82,26.34,17.91,49.51,0
78.9,57.06,44.13,94.37,17.97,58.37,1
47.33,69.51,86.04,96.39,20.06,78.25,1
93.63,51.15,73.25,25.9,21.89,52.42,1
84.03,50.91,90.49,82.23,19.6,65.63,1
54.52,45.48,96.42,97.77,23.92,75.99,1
50.04,96.1,54.35,92.94,19.12,67.37,1
55.09,92.72,36.34,97.8,16.59,60.23,1
98.9,85.53,45.82,66.27,18.58,72.36,1
70.22,68.65,60.65,30.86,3.93,43.73,0
88.12,66.89,96.2,88.73,8.92,72.95,1
80.0,69.43,56.48,71.04,16.29,63.99,1
76.48,69.88,83.95,71.11,26.32,75.68,1
52.98,63.25,67.83,56.29,20.69,56.42,1
97.03,43.56,42.8,67.89,3.62,46.19,0
61.57,43.17,52.45,36.52,18.18,47.83,0
76.79,96.9,75.72,80.48,7.43,69.73,1
83.49,66.33,77.1,30.63,22.29,66.97,1
80.71,96.96,60.43,79.73,25.0,72.75,1
96.73,45.63,46.01,88.67,18.21,51.28,1
53.16,71.04,80.53,60.44,18.15,63.81,1
72.96,48.5,41.82,63.24,10.82,63.22,1
67.22,51.46,95.57,48.42,13.94,68.07,1
71.08,36.95,43.15,97.71,26.06,72.23,1
51.56,42.73,37.51,79.98,21.98,46.91,0
52.38,94.6,64.84,52.67,16.07,66.27,1
60.29,55.9,66.37,38.11,11.68,44.45,0
61.76,74.53,65.57,41.47,2.46,51.88,1
68.53,65.23,60.57,59.79,5.15,47.44,0
78.6,61.03,99.64,95.69,6.6,70.94,1
79.9,69.57,64.04,80.06,11.83,62.57,1
67.65,47.17,63.46,41.14,28.38,55.26,1
67.48,99.26,59.52,89.47,15.65,78.69,1
56.97,88.19,34.68,53.37,7.81,53.37,1
77.36,83.2,71.51,88.88,4.07,62.45,1
62.44,65.47,45.96,43.13,10.81,46.29,0
46.98,44.94,74.63,71.4,24.66,53.15,1
68.01,94.84,33.56,94.5,12.12,73.45,1
71.08,57.19,98.7,44.34,23.4,67.46,1
57.41,38.26,62.83,76.97,24.28,63.51,1
76.49,57.26,92.77,99.05,4.21,68.05,1
76.12,86.64,63.29,36.29,18.65,41.1,0
83.61,75.48,34.22,31.63,28.81,38.62,0
80.64,83.8,87.55,75.56,12.66,81.75,1
80.88,86.59,75.37,50.48,2.48,58.08,1
62.39,48.78,84.72,30.34,27.78,45.91,0
88.31,95.05,59.97,60.65,26.63,77.55,1
75.2,63.47,74.66,81.53,16.14,76.21,1
68.73,76.54,89.94,46.38,17.02,62.92,1
79.43,35.15,74.17,50.13,7.14,49.41,0
64.84,99.57,54.34,88.43,24.76,71.49,1
73.2,53.26,76.38,64.01,15.46,62.57,1
